{
  "files": {
    "EVLVIYYCa6Bs5haW8RmjU2drbETNXfT3pDNkUD2Fu10s": {
      "character_encoding": "EqY1PMkjcWJb_THxnNyJ5UMRLRd2GIYd7iisWv6n4nuw",
      "information (en)": "ES_87R_3PIQtFKMBOi-H0z2C47uaLmhqWmV5LvN6cNkU",
      "information (iu)": "Efv0nDu701qz0NrUg5BvF0n9EhTuPJCN0xwCelW5zYbc",
      "label (en)": "ECaqiYIrAUnq9rF2JW67b1OBbHkGN5L-a54R-3fcf5WE",
      "label (iu)": "ENIHZFHI0pHd077AM6OgHikY7NlmQjs1nSDRpV-iKlf0",
      "meta (en)": "E9X5bmBo1eQt_GvmVUTCAlosAWJ5i1RPvJJzs-8nOFvg",
      "meta (iu)": "E5j4sP50QOy-BkUbgnQHBlMGtKRXLzed1tOCx0q7zwUg"
    }
  },
  "root": "EVLVIYYCa6Bs5haW8RmjU2drbETNXfT3pDNkUD2Fu10s"
}