{"capture_base":"EzBO1m3oiJ7-tNwHipu-KSPdqvQpbiZTXFuu4CdcCQbA","digest":"ECp6yLXgqvawIA7Wx4hJNn_I-taY3teQoh6ZL5So_h5A","type":"spec/overlays/label/1.0","language":"en","attribute_labels":{"animal_id":"Animal ID","begin_time":"Begin time","date":"Begin Date","dim":"Days in milk","duration":"Duration","end_date":"End date","end_time":"End time","lact_n":"Lactation Number","milking_location":"Milking Location","session_n":"Session Number","total_yield":"Total Yield"},"attribute_categories":[],"category_labels":{}}