{
  "capture_base": "EC-qVNrv55nXKfvd-beQkiGXoeZuTSN6YPcIE49chxhQ",
  "digest": "EdINosnriasZtR3XJ0ejw1QYPp4Ao5nOAaMi4aeaH3q0",
  "type": "spec/overlays/information/1.0",
  "language": "oo",
  "attribute_information": {
    "Age": "Age de l'animal compté en jours",
    "BreastWt": "Poids de la poitrine en gramme",
    "Farm": "Letter assignee a chaque ferme pour identification",
    "Glucose": "Concentration de glucose en mmol/L",
    "Lipase": "Concentration de glucose en U/L",
    "LiveWt": "Poids vif à 28 jours en gramme"
  }
}
