{"capture_base":"EzBO1m3oiJ7-tNwHipu-KSPdqvQpbiZTXFuu4CdcCQbA","digest":"EF4w6K-SMVZ4VFxkc-jqNNGUXKbO587o3MtcpBU_zeko","type":"spec/overlays/label/1.0","language":"po","attribute_labels":{"animal_id":"ID do animal","begin_time":"Hora de início","date":"Data de início","dim":"Dias em leite","duration":"Duração","end_date":"Data de término","end_time":"Hora de término","lact_n":"Número da lactação","milking_location":"Local de ordenha","session_n":"Número da sessão","total_yield":"Produção total"},"attribute_categories":[],"category_labels":{}}