{"capture_base":"EzBO1m3oiJ7-tNwHipu-KSPdqvQpbiZTXFuu4CdcCQbA","digest":"EFEnL_swZhDxkY-KmRcQn6Vcui9PCdzKW6mgoBEAoQcA","type":"spec/overlays/information/1.0","language":"en","attribute_information":{"animal_id":"Farm-level unique animal ID","begin_time":"Milking start time","date":"Milking start date","dim":"Daiys in Milk","duration":"Milking Duration","end_date":"Milking end date","end_time":"Milking end time","lact_n":"Lactation number","milking_location":"Location where animal was milked","session_n":"Milking session number","total_yield":"Total Yield"}}