{
  "files": {
    "EC-qVNrv55nXKfvd-beQkiGXoeZuTSN6YPcIE49chxhQ": {
      "character_encoding": "EPYbXCWHoSIUzYLUcMbQBJog2Z02fMhWMYX-Fi1dKn3c",
      "information (en)": "EcRa0lpQpDevUncDJhJjMg2lXmLMB57QKv80whOOm98g",
      "information (oo)": "EdINosnriasZtR3XJ0ejw1QYPp4Ao5nOAaMi4aeaH3q0",
      "label (en)": "E_fWluzuoUN8xy3OSj36yonnKCPDrNTC5VbMSHBQasSw",
      "label (oo)": "Eoia9qk0EDM6LAH8zzb-gaJetVWNMLVh4BoDTZfmOf0o",
      "meta (en)": "Etcu0lEvw5r5voHIuhi_66UBJ1QKqNy71rVAuwM7-OJM",
      "meta (oo)": "E5R3Y7Yn0bJY2fur1NK9LJy0Q6OUKU9yxQ7s583z6Pgo",
      "unit": "ErEwIqjWwrrRSOGKm5ytSku3N488mQzZpTXQBu6cjJ5s"
    }
  },
  "root": "EC-qVNrv55nXKfvd-beQkiGXoeZuTSN6YPcIE49chxhQ"
}
