{
  "files": {
    "EzBO1m3oiJ7-tNwHipu-KSPdqvQpbiZTXFuu4CdcCQbA": {
      "character_encoding": "EXv2IWIctGL6ZAnGf31wI4NDntf0NLaHbTP8XXwFAOlk",
      "information (en)": "EFEnL_swZhDxkY-KmRcQn6Vcui9PCdzKW6mgoBEAoQcA",
      "information (po)": "EkblmLpkJoQYjf14laf47NVDyYiOD9-tOi-NMuw6q1rs",
      "label (en)": "ECp6yLXgqvawIA7Wx4hJNn_I-taY3teQoh6ZL5So_h5A",
      "label (po)": "EF4w6K-SMVZ4VFxkc-jqNNGUXKbO587o3MtcpBU_zeko",
      "meta (en)": "EfoBHczKDXUS6-afcC6tFLvqoFNuoBMfnTBVP9mIbWyI",
      "meta (po)": "EVAvSAbXbBkQoTcFTvBj7K6lOScCUk3X-Qmw_VLjK-pM",
      "unit": "EICshp7wHnUd4rHK_osGQdDdbyoro_VX1Zt3Qx3lkuss"
    }
  },
  "root": "EzBO1m3oiJ7-tNwHipu-KSPdqvQpbiZTXFuu4CdcCQbA"
}