attr_1,attr_2,attr_3,attr_4,attr_5,attr_6
data_1_attr_1,data_1_attr_2,data_1_attr_3,data_1_attr_4,data_1_attr_5,data_1_attr_6
data_2_attr_1,data_2_attr_2,data_2_attr_3,data_2_attr_4,data_2_attr_5,data_2_attr_6
data_3_attr_1,data_3_attr_2,data_3_attr_3,data_3_attr_4,data_3_attr_5,data_3_attr_6
data_4_attr_1,data_4_attr_2,data_4_attr_3,data_4_attr_4,data_4_attr_5,data_4_attr_6
data_5_attr_1,data_5_attr_2,data_5_attr_3,data_5_attr_4,data_5_attr_5,data_5_attr_6
data_6_attr_1,data_6_attr_2,data_6_attr_3,data_6_attr_4,data_6_attr_5,data_6_attr_6
data_7_attr_1,data_7_attr_2,data_7_attr_3,data_7_attr_4,data_7_attr_5,data_7_attr_6
data_8_attr_1,data_8_attr_2,data_8_attr_3,data_8_attr_4,data_8_attr_5,data_8_attr_6